{
  "CfC (LNN)": {
    "accuracy": 0.9025974025974026,
    "f1": 0.9367088607594937,
    "auc": 0.9475478625753998,
    "params": 101121,
    "time": 45.90741205215454
  },
  "Simple RNN": {
    "accuracy": 0.841991341991342,
    "f1": 0.9081761006289308,
    "auc": 0.6888276947285602,
    "params": 65889,
    "time": 1.62906813621521
  },
  "GRU": {
    "accuracy": 0.9826839826839827,
    "f1": 0.989100817438692,
    "auc": 0.998746976717079,
    "params": 195809,
    "time": 4.3717615604400635
  },
  "CfC-pool_last": {
    "accuracy": 0.7987012987012987,
    "f1": 0.8880866425992779,
    "auc": 0.5919223708366116,
    "params": 412833,
    "time": 41.02494716644287
  },
  "CfC-pool_mean": {
    "accuracy": 0.7987012987012987,
    "f1": 0.8880866425992779,
    "auc": 0.7752280210974153,
    "params": 412833,
    "time": 42.849344968795776
  },
  "CfC-pool_attention": {
    "accuracy": 0.9783549783549783,
    "f1": 0.9864130434782609,
    "auc": 0.9944051053413759,
    "params": 413378,
    "time": 130.03180408477783
  }
}