{
  "lnn-small": {
    "loss": 0.1523057259619236,
    "accuracy": 0.922077922077922,
    "precision": 0.9487870619946092,
    "recall": 0.9539295392953929,
    "f1": 0.9513513513513514,
    "auc": 0.8748142320132878
  },
  "lnn-medium": {
    "loss": 0.28772448003292084,
    "accuracy": 0.8463203463203464,
    "precision": 0.8514150943396226,
    "recall": 0.978319783197832,
    "f1": 0.9104665825977302,
    "auc": 0.6504502141795612
  },
  "lnn-large": {
    "loss": 0.25821366533637047,
    "accuracy": 0.8571428571428571,
    "precision": 0.8498845265588915,
    "recall": 0.997289972899729,
    "f1": 0.9177057356608479,
    "auc": 0.6491826208584666
  },
  "cnn": {
    "loss": 0.006052237935364246,
    "accuracy": 0.9978354978354979,
    "precision": 1.0,
    "recall": 0.997289972899729,
    "f1": 0.9986431478968792,
    "auc": 0.9986449864498645
  },
  "lstm": {
    "loss": 0.24906077235937119,
    "accuracy": 0.8571428571428571,
    "precision": 0.8498845265588915,
    "recall": 0.997289972899729,
    "f1": 0.9177057356608479,
    "auc": 0.6491826208584666
  },
  "transformer": {
    "loss": 0.2898961454629898,
    "accuracy": 0.7987012987012987,
    "precision": 0.7987012987012987,
    "recall": 1.0,
    "f1": 0.8880866425992779,
    "auc": 0.5
  }
}