{
  "lnn-small_chunks32": {
    "accuracy": 0.9221,
    "f1": 0.9514,
    "auc": 0.8748
  },
  "lnn-medium_chunks32": {
    "accuracy": 0.9221,
    "f1": 0.95,
    "auc": 0.915
  },
  "lnn-small_chunks64": {
    "accuracy": 0.9217687074829932,
    "f1": 0.9555125725338491,
    "auc": 0.7626506024096386
  },
  "lnn-medium_chunks64": {
    "accuracy": 0.9217687074829932,
    "f1": 0.9555125725338491,
    "auc": 0.7626506024096386
  },
  "lnn-small_chunks128": {
    "accuracy": 0.8869047619047619,
    "f1": 0.9298892988929889,
    "auc": 0.7765507970040331
  },
  "lnn-medium_chunks128": {
    "accuracy": 0.7559523809523809,
    "f1": 0.8610169491525423,
    "auc": 0.5
  }
}