{
  "model": "cnn",
  "num_parameters": 173633,
  "kmer_dim": 256,
  "num_chunks": 32,
  "test_metrics": {
    "loss": 0.0106183054856956,
    "accuracy": 0.9911190053285968,
    "precision": 0.9953810623556582,
    "recall": 0.9930875576036866,
    "f1": 0.994232987312572,
    "auc": 0.9887918408173471
  },
  "best_val_acc": 0.9964349376114082,
  "epochs_trained": 45
}