{
  "model": "cnn",
  "num_parameters": 322374,
  "test_accuracy": 0.36363636363636365,
  "test_f1_macro": 0.23127931962759107,
  "confusion_matrix": [
    [
      42,
      0,
      32,
      0,
      12,
      0
    ],
    [
      27,
      0,
      29,
      0,
      12,
      0
    ],
    [
      32,
      0,
      78,
      0,
      17,
      0
    ],
    [
      2,
      0,
      9,
      2,
      0,
      0
    ],
    [
      17,
      0,
      33,
      0,
      14,
      0
    ],
    [
      7,
      0,
      7,
      0,
      2,
      0
    ]
  ],
  "classes": [
    "dublin",
    "enteritidis",
    "heidelberg",
    "infantis",
    "newport",
    "typhimurium"
  ]
}