{
  "LNN-Small": {
    "0.1": {
      "acc": {
        "mean": 0.84992784992785,
        "std": 0.008717926387874853
      },
      "f1": {
        "mean": 0.91321974475307,
        "std": 0.005695436682770825
      },
      "auc": {
        "mean": 0.7273848724150325,
        "std": 0.027130024895179718
      },
      "time": {
        "mean": 6.518674612045288,
        "std": 1.6405106950088322
      }
    },
    "0.25": {
      "acc": {
        "mean": 0.8463203463203465,
        "std": 0.0035346172334533754
      },
      "f1": {
        "mean": 0.9074629469463081,
        "std": 0.0049729671791603584
      },
      "auc": {
        "mean": 0.7570106167011491,
        "std": 0.03526294674128893
      },
      "time": {
        "mean": 11.183077414830526,
        "std": 3.03550208770357
      }
    },
    "0.5": {
      "acc": {
        "mean": 0.8506493506493505,
        "std": 0.007703519662360242
      },
      "f1": {
        "mean": 0.9136114271307112,
        "std": 0.005003910915104331
      },
      "auc": {
        "mean": 0.7190653806179639,
        "std": 0.0221998947782467
      },
      "time": {
        "mean": 11.658698479334513,
        "std": 0.23519099194263668
      }
    },
    "1.0": {
      "acc": {
        "mean": 0.9242424242424242,
        "std": 0.017405971258030038
      },
      "f1": {
        "mean": 0.9513790792456435,
        "std": 0.011191412169443195
      },
      "auc": {
        "mean": 0.9305591980650988,
        "std": 0.054182261096836645
      },
      "time": {
        "mean": 46.21780093510946,
        "std": 0.44003697219987464
      }
    }
  },
  "CNN": {
    "0.1": {
      "acc": {
        "mean": 0.8376623376623377,
        "std": 0.05509922970284788
      },
      "f1": {
        "mean": 0.9073605818900411,
        "std": 0.027257466345352872
      },
      "auc": {
        "mean": 0.7497935911258754,
        "std": 0.16536760004978504
      },
      "time": {
        "mean": 0.30744655927022296,
        "std": 0.12483712008115222
      }
    },
    "0.25": {
      "acc": {
        "mean": 0.862914862914863,
        "std": 0.09081169339913812
      },
      "f1": {
        "mean": 0.9235745646393007,
        "std": 0.05018750064943919
      },
      "auc": {
        "mean": 0.6507124748666842,
        "std": 0.2733038400884705
      },
      "time": {
        "mean": 0.5773930549621582,
        "std": 0.2583384727422834
      }
    },
    "0.5": {
      "acc": {
        "mean": 0.9913419913419914,
        "std": 0.0017673086167267105
      },
      "f1": {
        "mean": 0.9945897182703677,
        "std": 0.0011048722016775143
      },
      "auc": {
        "mean": 0.9996017522899244,
        "std": 0.00023352498334494368
      },
      "time": {
        "mean": 1.1318646272023518,
        "std": 0.03372268989549993
      }
    },
    "1.0": {
      "acc": {
        "mean": 0.9949494949494949,
        "std": 0.0010203561056082852
      },
      "f1": {
        "mean": 0.9968401352935495,
        "std": 0.0006361664435243708
      },
      "auc": {
        "mean": 0.9998931530533944,
        "std": 1.3736763726182394e-05
      },
      "time": {
        "mean": 1.7905263900756836,
        "std": 0.10233763563133833
      }
    }
  },
  "XGBoost": {
    "0.1": {
      "acc": {
        "mean": 0.873015873015873,
        "std": 0.011223917161691244
      },
      "f1": {
        "mean": 0.9247750693091263,
        "std": 0.0059060450065450965
      },
      "auc": {
        "mean": 0.9208361259239832,
        "std": 0.01029678341154835
      },
      "time": {
        "mean": 0.4473634560902913,
        "std": 0.017359262817910448
      }
    },
    "0.25": {
      "acc": {
        "mean": 0.8831168831168831,
        "std": 0.009351718179520695
      },
      "f1": {
        "mean": 0.9309151323961099,
        "std": 0.0051648984305003144
      },
      "auc": {
        "mean": 0.9649833415896882,
        "std": 0.0076686706143550545
      },
      "time": {
        "mean": 0.7197381655375162,
        "std": 0.026215341101032866
      }
    },
    "0.5": {
      "acc": {
        "mean": 0.9199134199134199,
        "std": 0.01237116031708676
      },
      "f1": {
        "mean": 0.9515153774675614,
        "std": 0.007418016813696302
      },
      "auc": {
        "mean": 0.9779021087701917,
        "std": 0.003431964854336378
      },
      "time": {
        "mean": 1.355910062789917,
        "std": 0.020226024190005593
      }
    },
    "1.0": {
      "acc": {
        "mean": 0.9415584415584416,
        "std": 0.0
      },
      "f1": {
        "mean": 0.9643328929986789,
        "std": 1.1102230246251565e-16
      },
      "auc": {
        "mean": 0.988839350759099,
        "std": 0.0
      },
      "time": {
        "mean": 1.8982017040252686,
        "std": 0.01039327281996289
      }
    }
  }
}