{
  "model": "lnn-small",
  "num_parameters": 101121,
  "kmer_dim": 256,
  "num_chunks": 32,
  "test_metrics": {
    "loss": 0.18954342901706694,
    "accuracy": 0.8969465648854962,
    "precision": 0.92,
    "recall": 0.9513381995133819,
    "f1": 0.9354066985645934,
    "auc": 0.8252266218805848
  },
  "best_val_acc": 0.896551724137931,
  "epochs_trained": 33
}