{
  "model": "lnn-medium",
  "num_parameters": 412833,
  "kmer_dim": 256,
  "num_chunks": 128,
  "test_metrics": {
    "loss": 0.3543805927038193,
    "accuracy": 0.7559523809523809,
    "precision": 0.7559523809523809,
    "recall": 1.0,
    "f1": 0.8610169491525423,
    "auc": 0.5
  },
  "best_val_acc": 0.7727272727272727,
  "epochs_trained": 16
}