{
  "lr_5e-05": {
    "accuracy": 0.922077922077922,
    "f1": 0.95,
    "auc": 0.9150275373721478,
    "best_val_acc": 0.0
  },
  "lr_0.0001": {
    "accuracy": 0.7987012987012987,
    "f1": 0.8880866425992779,
    "auc": 0.5,
    "best_val_acc": 0.0
  },
  "lr_0.0005": {
    "accuracy": 0.854978354978355,
    "f1": 0.916354556803995,
    "auc": 0.6478276073083311,
    "best_val_acc": 0.0
  },
  "lr_0.001": {
    "accuracy": 0.8484848484848485,
    "f1": 0.9038461538461539,
    "auc": 0.7845091354139349,
    "best_val_acc": 0.0
  },
  "lr_0.005": {
    "accuracy": 0.7987012987012987,
    "f1": 0.8875453446191052,
    "auc": 0.508042661071772,
    "best_val_acc": 0.0
  }
}