{
  "model": "lstm",
  "num_parameters": 823810,
  "kmer_dim": 256,
  "num_chunks": 32,
  "test_metrics": {
    "loss": 0.24906077235937119,
    "accuracy": 0.8571428571428571,
    "precision": 0.8498845265588915,
    "recall": 0.997289972899729,
    "f1": 0.9177057356608479,
    "auc": 0.6491826208584666
  },
  "best_val_acc": 0.8201284796573876,
  "epochs_trained": 24
}