{
  "LNN-Small": {
    "acc": {
      "mean": 0.8095238095238096,
      "std": 0.015305341584124436
    },
    "f1": {
      "mean": 0.8922278297600629,
      "std": 0.005856523047107329
    },
    "auc": {
      "mean": 0.671018251401152,
      "std": 0.020582743631386072
    },
    "time": {
      "mean": 44.20809189478556,
      "std": 5.351754438286284
    }
  },
  "CNN": {
    "acc": {
      "mean": 0.9963924963924965,
      "std": 0.002699608504165881
    },
    "f1": {
      "mean": 0.9977398055301223,
      "std": 0.0016919651717154456
    },
    "auc": {
      "mean": 0.999941719847306,
      "std": 4.758554541058882e-05
    },
    "time": {
      "mean": 1.9852020740509033,
      "std": 0.1288426154701945
    }
  },
  "LSTM": {
    "acc": {
      "mean": 0.8881673881673882,
      "std": 0.053087942681521345
    },
    "f1": {
      "mean": 0.9347380720004445,
      "std": 0.02985732914512628
    },
    "auc": {
      "mean": 0.8430904022301872,
      "std": 0.10701195313652118
    },
    "time": {
      "mean": 2.810903469721476,
      "std": 1.4245297009431885
    }
  },
  "XGBoost": {
    "acc": {
      "mean": 0.9415584415584416,
      "std": 0.0
    },
    "f1": {
      "mean": 0.9643328929986789,
      "std": 1.1102230246251565e-16
    },
    "auc": {
      "mean": 0.988839350759099,
      "std": 0.0
    },
    "time": {
      "mean": 2.1207173665364585,
      "std": 0.08391527710852568
    }
  }
}