{
  "kmer_vote": {
    "accuracy": 0.3333333333333333,
    "f1": 0.0,
    "db_time": 812.1425449848175,
    "inf_time": 0.9062254428863525
  },
  "marker_gene": {
    "accuracy": 0.3388888888888889,
    "f1": 0.01652892561983471,
    "inf_time": 0.012970209121704102
  },
  "serotype_marker_acc": 0.0,
  "test_samples": 180,
  "serotype_test_samples": 60
}